image,pose,expression,eye
an2i_left_angry_open.png,left,angry,open
an2i_left_angry_sunglasses.png,left,angry,sunglasses
an2i_left_happy_open.png,left,happy,open
an2i_left_happy_sunglasses.png,left,happy,sunglasses
an2i_left_neutral_open.png,left,neutral,open
an2i_left_neutral_sunglasses.png,left,neutral,sunglasses
an2i_left_sad_open.png,left,sad,open
an2i_left_sad_sunglasses.png,left,sad,sunglasses
an2i_right_angry_open.png,right,angry,open
an2i_right_angry_sunglasses.png,right,angry,sunglasses
an2i_right_happy_open.png,right,happy,open
an2i_right_happy_sunglasses.png,right,happy,sunglasses
an2i_right_neutral_open.png,right,neutral,open
an2i_right_neutral_sunglasses.png,right,neutral,sunglasses
an2i_right_sad_open.png,right,sad,open
an2i_right_sad_sunglasses.png,right,sad,sunglasses
an2i_straight_angry_open.png,straight,angry,open
an2i_straight_angry_sunglasses.png,straight,angry,sunglasses
an2i_straight_happy_open.png,straight,happy,open
an2i_straight_happy_sunglasses.png,straight,happy,sunglasses
an2i_straight_neutral_open.png,straight,neutral,open
an2i_straight_neutral_sunglasses.png,straight,neutral,sunglasses
an2i_straight_sad_open.png,straight,sad,open
an2i_straight_sad_sunglasses.png,straight,sad,sunglasses
an2i_up_angry_open.png,up,angry,open
an2i_up_angry_sunglasses.png,up,angry,sunglasses
an2i_up_happy_open.png,up,happy,open
an2i_up_happy_sunglasses.png,up,happy,sunglasses
an2i_up_neutral_open.png,up,neutral,open
an2i_up_neutral_sunglasses.png,up,neutral,sunglasses
an2i_up_sad_open.png,up,sad,open
an2i_up_sad_sunglasses.png,up,sad,sunglasses
at33_left_angry_open.png,left,angry,open
at33_left_angry_sunglasses.png,left,angry,sunglasses
at33_left_happy_open.png,left,happy,open
at33_left_happy_sunglasses.png,left,happy,sunglasses
at33_left_neutral_open.png,left,neutral,open
at33_left_neutral_sunglasses.png,left,neutral,sunglasses
at33_left_sad_open.png,left,sad,open
at33_left_sad_sunglasses.png,left,sad,sunglasses
at33_right_angry_open.png,right,angry,open
at33_right_angry_sunglasses.png,right,angry,sunglasses
at33_right_happy_open.png,right,happy,open
at33_right_happy_sunglasses.png,right,happy,sunglasses
at33_right_neutral_open.png,right,neutral,open
at33_right_neutral_sunglasses.png,right,neutral,sunglasses
at33_right_sad_open.png,right,sad,open
at33_right_sad_sunglasses.png,right,sad,sunglasses
at33_straight_angry_open.png,straight,angry,open
at33_straight_angry_sunglasses.png,straight,angry,sunglasses
at33_straight_happy_open.png,straight,happy,open
at33_straight_happy_sunglasses.png,straight,happy,sunglasses
at33_straight_neutral_open.png,straight,neutral,open
at33_straight_neutral_sunglasses.png,straight,neutral,sunglasses
at33_straight_sad_open.png,straight,sad,open
at33_straight_sad_sunglasses.png,straight,sad,sunglasses
at33_up_angry_open.png,up,angry,open
at33_up_angry_sunglasses.png,up,angry,sunglasses
at33_up_happy_open.png,up,happy,open
at33_up_happy_sunglasses.png,up,happy,sunglasses
at33_up_neutral_open.png,up,neutral,open
at33_up_neutral_sunglasses.png,up,neutral,sunglasses
at33_up_sad_open.png,up,sad,open
at33_up_sad_sunglasses.png,up,sad,sunglasses
boland_left_angry_open.png,left,angry,open
boland_left_angry_sunglasses.png,left,angry,sunglasses
boland_left_happy_open.png,left,happy,open
boland_left_happy_sunglasses.png,left,happy,sunglasses
boland_left_neutral_open.png,left,neutral,open
boland_left_neutral_sunglasses.png,left,neutral,sunglasses
boland_left_sad_open.png,left,sad,open
boland_left_sad_sunglasses.png,left,sad,sunglasses
boland_right_angry_open.png,right,angry,open
boland_right_angry_sunglasses.png,right,angry,sunglasses
boland_right_happy_open.png,right,happy,open
boland_right_happy_sunglasses.png,right,happy,sunglasses
boland_right_neutral_open.png,right,neutral,open
boland_right_neutral_sunglasses.png,right,neutral,sunglasses
boland_right_sad_open.png,right,sad,open
boland_right_sad_sunglasses.png,right,sad,sunglasses
boland_straight_angry_open.png,straight,angry,open
boland_straight_angry_sunglasses.png,straight,angry,sunglasses
boland_straight_happy_open.png,straight,happy,open
boland_straight_happy_sunglasses.png,straight,happy,sunglasses
boland_straight_neutral_open.png,straight,neutral,open
boland_straight_neutral_sunglasses.png,straight,neutral,sunglasses
boland_straight_sad_open.png,straight,sad,open
boland_straight_sad_sunglasses.png,straight,sad,sunglasses
boland_up_angry_open.png,up,angry,open
boland_up_angry_sunglasses.png,up,angry,sunglasses
boland_up_happy_open.png,up,happy,open
boland_up_happy_sunglasses.png,up,happy,sunglasses
boland_up_neutral_open.png,up,neutral,open
boland_up_neutral_sunglasses.png,up,neutral,sunglasses
boland_up_sad_open.png,up,sad,open
boland_up_sad_sunglasses.png,up,sad,sunglasses
bpm_left_angry_open.png,left,angry,open
bpm_left_angry_sunglasses.png,left,angry,sunglasses
bpm_left_happy_open.png,left,happy,open
bpm_left_happy_sunglasses.png,left,happy,sunglasses
bpm_left_neutral_open.png,left,neutral,open
bpm_left_neutral_sunglasses.png,left,neutral,sunglasses
bpm_left_sad_open.png,left,sad,open
bpm_left_sad_sunglasses.png,left,sad,sunglasses
bpm_right_angry_open.png,right,angry,open
bpm_right_angry_sunglasses.png,right,angry,sunglasses
bpm_right_happy_open.png,right,happy,open
bpm_right_happy_sunglasses.png,right,happy,sunglasses
bpm_right_neutral_open.png,right,neutral,open
bpm_right_neutral_sunglasses.png,right,neutral,sunglasses
bpm_right_sad_open.png,right,sad,open
bpm_right_sad_sunglasses.png,right,sad,sunglasses
bpm_straight_angry_open.png,straight,angry,open
bpm_straight_angry_sunglasses.png,straight,angry,sunglasses
bpm_straight_happy_open.png,straight,happy,open
bpm_straight_happy_sunglasses.png,straight,happy,sunglasses
bpm_straight_neutral_open.png,straight,neutral,open
bpm_straight_neutral_sunglasses.png,straight,neutral,sunglasses
bpm_straight_sad_open.png,straight,sad,open
bpm_straight_sad_sunglasses.png,straight,sad,sunglasses
bpm_up_angry_open.png,up,angry,open
bpm_up_angry_sunglasses.png,up,angry,sunglasses
bpm_up_happy_open.png,up,happy,open
bpm_up_happy_sunglasses.png,up,happy,sunglasses
bpm_up_neutral_open.png,up,neutral,open
bpm_up_neutral_sunglasses.png,up,neutral,sunglasses
bpm_up_sad_open.png,up,sad,open
bpm_up_sad_sunglasses.png,up,sad,sunglasses
ch4f_left_angry_open.png,left,angry,open
ch4f_left_angry_sunglasses.png,left,angry,sunglasses
ch4f_left_happy_open.png,left,happy,open
ch4f_left_happy_sunglasses.png,left,happy,sunglasses
ch4f_left_neutral_open.png,left,neutral,open
ch4f_left_neutral_sunglasses.png,left,neutral,sunglasses
ch4f_left_sad_open.png,left,sad,open
ch4f_left_sad_sunglasses.png,left,sad,sunglasses
ch4f_right_angry_open.png,right,angry,open
ch4f_right_angry_sunglasses.png,right,angry,sunglasses
ch4f_right_happy_open.png,right,happy,open
ch4f_right_happy_sunglasses.png,right,happy,sunglasses
ch4f_right_neutral_open.png,right,neutral,open
ch4f_right_neutral_sunglasses.png,right,neutral,sunglasses
ch4f_right_sad_open.png,right,sad,open
ch4f_right_sad_sunglasses.png,right,sad,sunglasses
ch4f_straight_angry_open.png,straight,angry,open
ch4f_straight_angry_sunglasses.png,straight,angry,sunglasses
ch4f_straight_happy_open.png,straight,happy,open
ch4f_straight_happy_sunglasses.png,straight,happy,sunglasses
ch4f_straight_neutral_open.png,straight,neutral,open
ch4f_straight_neutral_sunglasses.png,straight,neutral,sunglasses
ch4f_straight_sad_open.png,straight,sad,open
ch4f_straight_sad_sunglasses.png,straight,sad,sunglasses
ch4f_up_angry_open.png,up,angry,open
ch4f_up_angry_sunglasses.png,up,angry,sunglasses
ch4f_up_happy_open.png,up,happy,open
ch4f_up_happy_sunglasses.png,up,happy,sunglasses
ch4f_up_neutral_open.png,up,neutral,open
ch4f_up_neutral_sunglasses.png,up,neutral,sunglasses
ch4f_up_sad_open.png,up,sad,open
ch4f_up_sad_sunglasses.png,up,sad,sunglasses
cheyer_left_angry_open.png,left,angry,open
cheyer_left_angry_sunglasses.png,left,angry,sunglasses
cheyer_left_happy_open.png,left,happy,open
cheyer_left_happy_sunglasses.png,left,happy,sunglasses
cheyer_left_neutral_open.png,left,neutral,open
cheyer_left_neutral_sunglasses.png,left,neutral,sunglasses
cheyer_left_sad_open.png,left,sad,open
cheyer_left_sad_sunglasses.png,left,sad,sunglasses
cheyer_right_angry_open.png,right,angry,open
cheyer_right_angry_sunglasses.png,right,angry,sunglasses
cheyer_right_happy_open.png,right,happy,open
cheyer_right_happy_sunglasses.png,right,happy,sunglasses
cheyer_right_neutral_open.png,right,neutral,open
cheyer_right_neutral_sunglasses.png,right,neutral,sunglasses
cheyer_right_sad_open.png,right,sad,open
cheyer_right_sad_sunglasses.png,right,sad,sunglasses
cheyer_straight_angry_open.png,straight,angry,open
cheyer_straight_angry_sunglasses.png,straight,angry,sunglasses
cheyer_straight_happy_open.png,straight,happy,open
cheyer_straight_happy_sunglasses.png,straight,happy,sunglasses
cheyer_straight_neutral_open.png,straight,neutral,open
cheyer_straight_neutral_sunglasses.png,straight,neutral,sunglasses
cheyer_straight_sad_open.png,straight,sad,open
cheyer_straight_sad_sunglasses.png,straight,sad,sunglasses
cheyer_up_angry_open.png,up,angry,open
cheyer_up_angry_sunglasses.png,up,angry,sunglasses
cheyer_up_happy_open.png,up,happy,open
cheyer_up_happy_sunglasses.png,up,happy,sunglasses
cheyer_up_neutral_open.png,up,neutral,open
cheyer_up_neutral_sunglasses.png,up,neutral,sunglasses
cheyer_up_sad_open.png,up,sad,open
cheyer_up_sad_sunglasses.png,up,sad,sunglasses
choon_left_angry_open.png,left,angry,open
choon_left_happy_open.png,left,happy,open
choon_left_happy_sunglasses.png,left,happy,sunglasses
choon_left_neutral_open.png,left,neutral,open
choon_left_neutral_sunglasses.png,left,neutral,sunglasses
choon_left_sad_open.png,left,sad,open
choon_left_sad_sunglasses.png,left,sad,sunglasses
choon_right_angry_open.png,right,angry,open
choon_right_angry_sunglasses.png,right,angry,sunglasses
choon_right_happy_open.png,right,happy,open
choon_right_happy_sunglasses.png,right,happy,sunglasses
choon_right_neutral_open.png,right,neutral,open
choon_right_neutral_sunglasses.png,right,neutral,sunglasses
choon_right_sad_open.png,right,sad,open
choon_right_sad_sunglasses.png,right,sad,sunglasses
choon_straight_angry_open.png,straight,angry,open
choon_straight_angry_sunglasses.png,straight,angry,sunglasses
choon_straight_happy_open.png,straight,happy,open
choon_straight_happy_sunglasses.png,straight,happy,sunglasses
choon_straight_neutral_open.png,straight,neutral,open
choon_straight_neutral_sunglasses.png,straight,neutral,sunglasses
choon_straight_sad_open.png,straight,sad,open
choon_straight_sad_sunglasses.png,straight,sad,sunglasses
choon_up_angry_open.png,up,angry,open
choon_up_angry_sunglasses.png,up,angry,sunglasses
choon_up_happy_open.png,up,happy,open
choon_up_happy_sunglasses.png,up,happy,sunglasses
choon_up_neutral_open.png,up,neutral,open
choon_up_neutral_sunglasses.png,up,neutral,sunglasses
choon_up_sad_open.png,up,sad,open
choon_up_sad_sunglasses.png,up,sad,sunglasses
danieln_left_angry_open.png,left,angry,open
danieln_left_angry_sunglasses.png,left,angry,sunglasses
danieln_left_happy_open.png,left,happy,open
danieln_left_happy_sunglasses.png,left,happy,sunglasses
danieln_left_neutral_open.png,left,neutral,open
danieln_left_neutral_sunglasses.png,left,neutral,sunglasses
danieln_left_sad_open.png,left,sad,open
danieln_left_sad_sunglasses.png,left,sad,sunglasses
danieln_right_angry_open.png,right,angry,open
danieln_right_angry_sunglasses.png,right,angry,sunglasses
danieln_right_happy_open.png,right,happy,open
danieln_right_happy_sunglasses.png,right,happy,sunglasses
danieln_right_neutral_open.png,right,neutral,open
danieln_right_neutral_sunglasses.png,right,neutral,sunglasses
danieln_right_sad_open.png,right,sad,open
danieln_right_sad_sunglasses.png,right,sad,sunglasses
danieln_straight_angry_open.png,straight,angry,open
danieln_straight_angry_sunglasses.png,straight,angry,sunglasses
danieln_straight_happy_open.png,straight,happy,open
danieln_straight_neutral_open.png,straight,neutral,open
danieln_straight_neutral_sunglasses.png,straight,neutral,sunglasses
danieln_straight_sad_open.png,straight,sad,open
danieln_straight_sad_sunglasses.png,straight,sad,sunglasses
danieln_up_angry_open.png,up,angry,open
danieln_up_angry_sunglasses.png,up,angry,sunglasses
danieln_up_happy_open.png,up,happy,open
danieln_up_happy_sunglasses.png,up,happy,sunglasses
danieln_up_neutral_open.png,up,neutral,open
danieln_up_neutral_sunglasses.png,up,neutral,sunglasses
danieln_up_sad_open.png,up,sad,open
danieln_up_sad_sunglasses.png,up,sad,sunglasses
glickman_left_angry_open.png,left,angry,open
glickman_left_angry_sunglasses.png,left,angry,sunglasses
glickman_left_happy_open.png,left,happy,open
glickman_left_happy_sunglasses.png,left,happy,sunglasses
glickman_left_neutral_open.png,left,neutral,open
glickman_left_neutral_sunglasses.png,left,neutral,sunglasses
glickman_left_sad_open.png,left,sad,open
glickman_left_sad_sunglasses.png,left,sad,sunglasses
glickman_right_angry_open.png,right,angry,open
glickman_right_angry_sunglasses.png,right,angry,sunglasses
glickman_right_happy_open.png,right,happy,open
glickman_right_happy_sunglasses.png,right,happy,sunglasses
glickman_right_neutral_open.png,right,neutral,open
glickman_right_neutral_sunglasses.png,right,neutral,sunglasses
glickman_right_sad_sunglasses.png,right,sad,sunglasses
glickman_straight_angry_sunglasses.png,straight,angry,sunglasses
glickman_straight_happy_open.png,straight,happy,open
glickman_straight_happy_sunglasses.png,straight,happy,sunglasses
glickman_straight_neutral_open.png,straight,neutral,open
glickman_straight_neutral_sunglasses.png,straight,neutral,sunglasses
glickman_straight_sad_open.png,straight,sad,open
glickman_straight_sad_sunglasses.png,straight,sad,sunglasses
glickman_up_angry_open.png,up,angry,open
glickman_up_angry_sunglasses.png,up,angry,sunglasses
glickman_up_happy_open.png,up,happy,open
glickman_up_happy_sunglasses.png,up,happy,sunglasses
glickman_up_neutral_open.png,up,neutral,open
glickman_up_neutral_sunglasses.png,up,neutral,sunglasses
glickman_up_sad_open.png,up,sad,open
glickman_up_sad_sunglasses.png,up,sad,sunglasses
karyadi_left_angry_open.png,left,angry,open
karyadi_left_angry_sunglasses.png,left,angry,sunglasses
karyadi_left_happy_open.png,left,happy,open
karyadi_left_happy_sunglasses.png,left,happy,sunglasses
karyadi_left_neutral_open.png,left,neutral,open
karyadi_left_neutral_sunglasses.png,left,neutral,sunglasses
karyadi_left_sad_open.png,left,sad,open
karyadi_left_sad_sunglasses.png,left,sad,sunglasses
karyadi_right_angry_open.png,right,angry,open
karyadi_right_angry_sunglasses.png,right,angry,sunglasses
karyadi_right_happy_open.png,right,happy,open
karyadi_right_neutral_open.png,right,neutral,open
karyadi_right_neutral_sunglasses.png,right,neutral,sunglasses
karyadi_right_sad_open.png,right,sad,open
karyadi_right_sad_sunglasses.png,right,sad,sunglasses
karyadi_straight_angry_open.png,straight,angry,open
karyadi_straight_angry_sunglasses.png,straight,angry,sunglasses
karyadi_straight_happy_open.png,straight,happy,open
karyadi_straight_happy_sunglasses.png,straight,happy,sunglasses
karyadi_straight_neutral_open.png,straight,neutral,open
karyadi_straight_neutral_sunglasses.png,straight,neutral,sunglasses
karyadi_straight_sad_open.png,straight,sad,open
karyadi_straight_sad_sunglasses.png,straight,sad,sunglasses
karyadi_up_angry_open.png,up,angry,open
karyadi_up_angry_sunglasses.png,up,angry,sunglasses
karyadi_up_happy_open.png,up,happy,open
karyadi_up_happy_sunglasses.png,up,happy,sunglasses
karyadi_up_neutral_open.png,up,neutral,open
karyadi_up_neutral_sunglasses.png,up,neutral,sunglasses
karyadi_up_sad_open.png,up,sad,open
karyadi_up_sad_sunglasses.png,up,sad,sunglasses
kawamura_left_angry_open.png,left,angry,open
kawamura_left_angry_sunglasses.png,left,angry,sunglasses
kawamura_left_happy_open.png,left,happy,open
kawamura_left_happy_sunglasses.png,left,happy,sunglasses
kawamura_left_neutral_open.png,left,neutral,open
kawamura_left_neutral_sunglasses.png,left,neutral,sunglasses
kawamura_left_sad_open.png,left,sad,open
kawamura_left_sad_sunglasses.png,left,sad,sunglasses
kawamura_right_angry_open.png,right,angry,open
kawamura_right_angry_sunglasses.png,right,angry,sunglasses
kawamura_right_happy_open.png,right,happy,open
kawamura_right_happy_sunglasses.png,right,happy,sunglasses
kawamura_right_neutral_open.png,right,neutral,open
kawamura_right_neutral_sunglasses.png,right,neutral,sunglasses
kawamura_right_sad_open.png,right,sad,open
kawamura_right_sad_sunglasses.png,right,sad,sunglasses
kawamura_straight_angry_open.png,straight,angry,open
kawamura_straight_angry_sunglasses.png,straight,angry,sunglasses
kawamura_straight_happy_open.png,straight,happy,open
kawamura_straight_happy_sunglasses.png,straight,happy,sunglasses
kawamura_straight_neutral_open.png,straight,neutral,open
kawamura_straight_neutral_sunglasses.png,straight,neutral,sunglasses
kawamura_straight_sad_open.png,straight,sad,open
kawamura_straight_sad_sunglasses.png,straight,sad,sunglasses
kawamura_up_angry_open.png,up,angry,open
kawamura_up_angry_sunglasses.png,up,angry,sunglasses
kawamura_up_happy_sunglasses.png,up,happy,sunglasses
kawamura_up_neutral_open.png,up,neutral,open
kawamura_up_neutral_sunglasses.png,up,neutral,sunglasses
kawamura_up_sad_open.png,up,sad,open
kawamura_up_sad_sunglasses.png,up,sad,sunglasses
kk49_left_angry_open.png,left,angry,open
kk49_left_angry_sunglasses.png,left,angry,sunglasses
kk49_left_happy_open.png,left,happy,open
kk49_left_happy_sunglasses.png,left,happy,sunglasses
kk49_left_neutral_open.png,left,neutral,open
kk49_left_neutral_sunglasses.png,left,neutral,sunglasses
kk49_left_sad_open.png,left,sad,open
kk49_left_sad_sunglasses.png,left,sad,sunglasses
kk49_right_angry_open.png,right,angry,open
kk49_right_angry_sunglasses.png,right,angry,sunglasses
kk49_right_happy_open.png,right,happy,open
kk49_right_happy_sunglasses.png,right,happy,sunglasses
kk49_right_neutral_open.png,right,neutral,open
kk49_right_neutral_sunglasses.png,right,neutral,sunglasses
kk49_right_sad_open.png,right,sad,open
kk49_right_sad_sunglasses.png,right,sad,sunglasses
kk49_straight_angry_open.png,straight,angry,open
kk49_straight_angry_sunglasses.png,straight,angry,sunglasses
kk49_straight_happy_open.png,straight,happy,open
kk49_straight_happy_sunglasses.png,straight,happy,sunglasses
kk49_straight_neutral_open.png,straight,neutral,open
kk49_straight_neutral_sunglasses.png,straight,neutral,sunglasses
kk49_straight_sad_open.png,straight,sad,open
kk49_straight_sad_sunglasses.png,straight,sad,sunglasses
kk49_up_angry_open.png,up,angry,open
kk49_up_angry_sunglasses.png,up,angry,sunglasses
kk49_up_happy_open.png,up,happy,open
kk49_up_happy_sunglasses.png,up,happy,sunglasses
kk49_up_neutral_open.png,up,neutral,open
kk49_up_neutral_sunglasses.png,up,neutral,sunglasses
kk49_up_sad_open.png,up,sad,open
kk49_up_sad_sunglasses.png,up,sad,sunglasses
megak_left_angry_open.png,left,angry,open
megak_left_angry_sunglasses.png,left,angry,sunglasses
megak_left_happy_open.png,left,happy,open
megak_left_happy_sunglasses.png,left,happy,sunglasses
megak_left_neutral_open.png,left,neutral,open
megak_left_neutral_sunglasses.png,left,neutral,sunglasses
megak_left_sad_open.png,left,sad,open
megak_left_sad_sunglasses.png,left,sad,sunglasses
megak_right_angry_open.png,right,angry,open
megak_right_angry_sunglasses.png,right,angry,sunglasses
megak_right_happy_open.png,right,happy,open
megak_right_happy_sunglasses.png,right,happy,sunglasses
megak_right_neutral_open.png,right,neutral,open
megak_right_neutral_sunglasses.png,right,neutral,sunglasses
megak_right_sad_open.png,right,sad,open
megak_right_sad_sunglasses.png,right,sad,sunglasses
megak_straight_angry_open.png,straight,angry,open
megak_straight_angry_sunglasses.png,straight,angry,sunglasses
megak_straight_happy_open.png,straight,happy,open
megak_straight_happy_sunglasses.png,straight,happy,sunglasses
megak_straight_neutral_open.png,straight,neutral,open
megak_straight_neutral_sunglasses.png,straight,neutral,sunglasses
megak_straight_sad_open.png,straight,sad,open
megak_up_angry_open.png,up,angry,open
megak_up_angry_sunglasses.png,up,angry,sunglasses
megak_up_happy_open.png,up,happy,open
megak_up_happy_sunglasses.png,up,happy,sunglasses
megak_up_neutral_open.png,up,neutral,open
megak_up_neutral_sunglasses.png,up,neutral,sunglasses
megak_up_sad_open.png,up,sad,open
mitchell_left_angry_open.png,left,angry,open
mitchell_left_angry_sunglasses.png,left,angry,sunglasses
mitchell_left_happy_open.png,left,happy,open
mitchell_left_happy_sunglasses.png,left,happy,sunglasses
mitchell_left_neutral_open.png,left,neutral,open
mitchell_left_neutral_sunglasses.png,left,neutral,sunglasses
mitchell_left_sad_open.png,left,sad,open
mitchell_left_sad_sunglasses.png,left,sad,sunglasses
mitchell_right_angry_open.png,right,angry,open
mitchell_right_happy_open.png,right,happy,open
mitchell_right_happy_sunglasses.png,right,happy,sunglasses
mitchell_right_neutral_open.png,right,neutral,open
mitchell_right_neutral_sunglasses.png,right,neutral,sunglasses
mitchell_right_sad_open.png,right,sad,open
mitchell_right_sad_sunglasses.png,right,sad,sunglasses
mitchell_straight_angry_sunglasses.png,straight,angry,sunglasses
mitchell_straight_happy_open.png,straight,happy,open
mitchell_straight_happy_sunglasses.png,straight,happy,sunglasses
mitchell_straight_neutral_open.png,straight,neutral,open
mitchell_straight_neutral_sunglasses.png,straight,neutral,sunglasses
mitchell_straight_sad_open.png,straight,sad,open
mitchell_straight_sad_sunglasses.png,straight,sad,sunglasses
mitchell_up_angry_open.png,up,angry,open
mitchell_up_angry_sunglasses.png,up,angry,sunglasses
mitchell_up_happy_open.png,up,happy,open
mitchell_up_neutral_open.png,up,neutral,open
mitchell_up_sad_open.png,up,sad,open
mitchell_up_sad_sunglasses.png,up,sad,sunglasses
night_left_angry_open.png,left,angry,open
night_left_angry_sunglasses.png,left,angry,sunglasses
night_left_happy_open.png,left,happy,open
night_left_happy_sunglasses.png,left,happy,sunglasses
night_left_neutral_open.png,left,neutral,open
night_left_neutral_sunglasses.png,left,neutral,sunglasses
night_left_sad_open.png,left,sad,open
night_left_sad_sunglasses.png,left,sad,sunglasses
night_right_angry_open.png,right,angry,open
night_right_angry_sunglasses.png,right,angry,sunglasses
night_right_happy_open.png,right,happy,open
night_right_happy_sunglasses.png,right,happy,sunglasses
night_right_neutral_open.png,right,neutral,open
night_right_neutral_sunglasses.png,right,neutral,sunglasses
night_right_sad_open.png,right,sad,open
night_right_sad_sunglasses.png,right,sad,sunglasses
night_straight_angry_open.png,straight,angry,open
night_straight_angry_sunglasses.png,straight,angry,sunglasses
night_straight_happy_open.png,straight,happy,open
night_straight_happy_sunglasses.png,straight,happy,sunglasses
night_straight_neutral_open.png,straight,neutral,open
night_straight_neutral_sunglasses.png,straight,neutral,sunglasses
night_straight_sad_open.png,straight,sad,open
night_straight_sad_sunglasses.png,straight,sad,sunglasses
night_up_angry_open.png,up,angry,open
night_up_angry_sunglasses.png,up,angry,sunglasses
night_up_happy_open.png,up,happy,open
night_up_happy_sunglasses.png,up,happy,sunglasses
night_up_neutral_open.png,up,neutral,open
night_up_neutral_sunglasses.png,up,neutral,sunglasses
night_up_sad_open.png,up,sad,open
night_up_sad_sunglasses.png,up,sad,sunglasses
phoebe_left_angry_sunglasses.png,left,angry,sunglasses
phoebe_left_happy_open.png,left,happy,open
phoebe_left_happy_sunglasses.png,left,happy,sunglasses
phoebe_left_neutral_open.png,left,neutral,open
phoebe_left_neutral_sunglasses.png,left,neutral,sunglasses
phoebe_left_sad_open.png,left,sad,open
phoebe_left_sad_sunglasses.png,left,sad,sunglasses
phoebe_right_angry_open.png,right,angry,open
phoebe_right_angry_sunglasses.png,right,angry,sunglasses
phoebe_right_happy_open.png,right,happy,open
phoebe_right_happy_sunglasses.png,right,happy,sunglasses
phoebe_right_neutral_open.png,right,neutral,open
phoebe_right_neutral_sunglasses.png,right,neutral,sunglasses
phoebe_right_sad_open.png,right,sad,open
phoebe_right_sad_sunglasses.png,right,sad,sunglasses
phoebe_straight_angry_open.png,straight,angry,open
phoebe_straight_angry_sunglasses.png,straight,angry,sunglasses
phoebe_straight_happy_open.png,straight,happy,open
phoebe_straight_happy_sunglasses.png,straight,happy,sunglasses
phoebe_straight_neutral_open.png,straight,neutral,open
phoebe_straight_neutral_sunglasses.png,straight,neutral,sunglasses
phoebe_straight_sad_open.png,straight,sad,open
phoebe_straight_sad_sunglasses.png,straight,sad,sunglasses
phoebe_up_angry_open.png,up,angry,open
phoebe_up_angry_sunglasses.png,up,angry,sunglasses
phoebe_up_happy_open.png,up,happy,open
phoebe_up_happy_sunglasses.png,up,happy,sunglasses
phoebe_up_neutral_open.png,up,neutral,open
phoebe_up_neutral_sunglasses.png,up,neutral,sunglasses
phoebe_up_sad_open.png,up,sad,open
phoebe_up_sad_sunglasses.png,up,sad,sunglasses
saavik_left_angry_open.png,left,angry,open
saavik_left_angry_sunglasses.png,left,angry,sunglasses
saavik_left_happy_open.png,left,happy,open
saavik_left_happy_sunglasses.png,left,happy,sunglasses
saavik_left_neutral_open.png,left,neutral,open
saavik_left_neutral_sunglasses.png,left,neutral,sunglasses
saavik_left_sad_open.png,left,sad,open
saavik_left_sad_sunglasses.png,left,sad,sunglasses
saavik_right_angry_open.png,right,angry,open
saavik_right_angry_sunglasses.png,right,angry,sunglasses
saavik_right_happy_open.png,right,happy,open
saavik_right_happy_sunglasses.png,right,happy,sunglasses
saavik_right_neutral_open.png,right,neutral,open
saavik_right_neutral_sunglasses.png,right,neutral,sunglasses
saavik_right_sad_open.png,right,sad,open
saavik_right_sad_sunglasses.png,right,sad,sunglasses
saavik_straight_angry_open.png,straight,angry,open
saavik_straight_angry_sunglasses.png,straight,angry,sunglasses
saavik_straight_happy_open.png,straight,happy,open
saavik_straight_happy_sunglasses.png,straight,happy,sunglasses
saavik_straight_neutral_open.png,straight,neutral,open
saavik_straight_neutral_sunglasses.png,straight,neutral,sunglasses
saavik_straight_sad_open.png,straight,sad,open
saavik_straight_sad_sunglasses.png,straight,sad,sunglasses
saavik_up_angry_open.png,up,angry,open
saavik_up_angry_sunglasses.png,up,angry,sunglasses
saavik_up_happy_open.png,up,happy,open
saavik_up_happy_sunglasses.png,up,happy,sunglasses
saavik_up_neutral_open.png,up,neutral,open
saavik_up_neutral_sunglasses.png,up,neutral,sunglasses
saavik_up_sad_open.png,up,sad,open
saavik_up_sad_sunglasses.png,up,sad,sunglasses
steffi_left_angry_open.png,left,angry,open
steffi_left_angry_sunglasses.png,left,angry,sunglasses
steffi_left_happy_open.png,left,happy,open
steffi_left_happy_sunglasses.png,left,happy,sunglasses
steffi_left_neutral_open.png,left,neutral,open
steffi_left_neutral_sunglasses.png,left,neutral,sunglasses
steffi_left_sad_open.png,left,sad,open
steffi_left_sad_sunglasses.png,left,sad,sunglasses
steffi_right_angry_open.png,right,angry,open
steffi_right_angry_sunglasses.png,right,angry,sunglasses
steffi_right_happy_open.png,right,happy,open
steffi_right_happy_sunglasses.png,right,happy,sunglasses
steffi_right_neutral_open.png,right,neutral,open
steffi_right_neutral_sunglasses.png,right,neutral,sunglasses
steffi_right_sad_open.png,right,sad,open
steffi_right_sad_sunglasses.png,right,sad,sunglasses
steffi_straight_angry_open.png,straight,angry,open
steffi_straight_angry_sunglasses.png,straight,angry,sunglasses
steffi_straight_happy_open.png,straight,happy,open
steffi_straight_happy_sunglasses.png,straight,happy,sunglasses
steffi_straight_neutral_open.png,straight,neutral,open
steffi_straight_neutral_sunglasses.png,straight,neutral,sunglasses
steffi_straight_sad_open.png,straight,sad,open
steffi_straight_sad_sunglasses.png,straight,sad,sunglasses
steffi_up_angry_open.png,up,angry,open
steffi_up_angry_sunglasses.png,up,angry,sunglasses
steffi_up_happy_open.png,up,happy,open
steffi_up_happy_sunglasses.png,up,happy,sunglasses
steffi_up_neutral_open.png,up,neutral,open
steffi_up_neutral_sunglasses.png,up,neutral,sunglasses
steffi_up_sad_open.png,up,sad,open
steffi_up_sad_sunglasses.png,up,sad,sunglasses
sz24_left_angry_open.png,left,angry,open
sz24_left_angry_sunglasses.png,left,angry,sunglasses
sz24_left_happy_open.png,left,happy,open
sz24_left_happy_sunglasses.png,left,happy,sunglasses
sz24_left_neutral_open.png,left,neutral,open
sz24_left_sad_open.png,left,sad,open
sz24_left_sad_sunglasses.png,left,sad,sunglasses
sz24_right_angry_open.png,right,angry,open
sz24_right_angry_sunglasses.png,right,angry,sunglasses
sz24_right_happy_open.png,right,happy,open
sz24_right_happy_sunglasses.png,right,happy,sunglasses
sz24_right_neutral_open.png,right,neutral,open
sz24_right_neutral_sunglasses.png,right,neutral,sunglasses
sz24_right_sad_open.png,right,sad,open
sz24_right_sad_sunglasses.png,right,sad,sunglasses
sz24_straight_angry_open.png,straight,angry,open
sz24_straight_angry_sunglasses.png,straight,angry,sunglasses
sz24_straight_happy_open.png,straight,happy,open
sz24_straight_happy_sunglasses.png,straight,happy,sunglasses
sz24_straight_neutral_open.png,straight,neutral,open
sz24_straight_neutral_sunglasses.png,straight,neutral,sunglasses
sz24_straight_sad_open.png,straight,sad,open
sz24_straight_sad_sunglasses.png,straight,sad,sunglasses
sz24_up_angry_open.png,up,angry,open
sz24_up_angry_sunglasses.png,up,angry,sunglasses
sz24_up_happy_open.png,up,happy,open
sz24_up_happy_sunglasses.png,up,happy,sunglasses
sz24_up_neutral_open.png,up,neutral,open
sz24_up_neutral_sunglasses.png,up,neutral,sunglasses
sz24_up_sad_open.png,up,sad,open
sz24_up_sad_sunglasses.png,up,sad,sunglasses
tammo_left_angry_open.png,left,angry,open
tammo_left_angry_sunglasses.png,left,angry,sunglasses
tammo_left_happy_open.png,left,happy,open
tammo_left_happy_sunglasses.png,left,happy,sunglasses
tammo_left_neutral_open.png,left,neutral,open
tammo_left_neutral_sunglasses.png,left,neutral,sunglasses
tammo_left_sad_open.png,left,sad,open
tammo_left_sad_sunglasses.png,left,sad,sunglasses
tammo_right_angry_open.png,right,angry,open
tammo_right_angry_sunglasses.png,right,angry,sunglasses
tammo_right_happy_sunglasses.png,right,happy,sunglasses
tammo_right_neutral_open.png,right,neutral,open
tammo_right_neutral_sunglasses.png,right,neutral,sunglasses
tammo_right_sad_sunglasses.png,right,sad,sunglasses
tammo_straight_angry_open.png,straight,angry,open
tammo_straight_angry_sunglasses.png,straight,angry,sunglasses
tammo_straight_happy_open.png,straight,happy,open
tammo_straight_happy_sunglasses.png,straight,happy,sunglasses
tammo_straight_neutral_open.png,straight,neutral,open
tammo_straight_neutral_sunglasses.png,straight,neutral,sunglasses
tammo_straight_sad_open.png,straight,sad,open
tammo_straight_sad_sunglasses.png,straight,sad,sunglasses
tammo_up_angry_open.png,up,angry,open
tammo_up_angry_sunglasses.png,up,angry,sunglasses
tammo_up_happy_open.png,up,happy,open
tammo_up_happy_sunglasses.png,up,happy,sunglasses
tammo_up_neutral_open.png,up,neutral,open
tammo_up_neutral_sunglasses.png,up,neutral,sunglasses
tammo_up_sad_open.png,up,sad,open
tammo_up_sad_sunglasses.png,up,sad,sunglasses
